{
  "age": {
    "mean": 23.453453453453452,
    "median": 23.0,
    "std": 3.527388627106299,
    "min": 18.0,
    "max": 29.0,
    "q1": 20.0,
    "q3": 27.0,
    "skewness": 0.019157791655185996,
    "kurtosis": -1.230818617101109
  },
  "years_in_us": {
    "mean": 2.051051051051051,
    "median": 2.0,
    "std": 1.4214208634103669,
    "min": 0.0,
    "max": 4.0,
    "q1": 1.0,
    "q3": 3.0,
    "skewness": -0.05871549542835583,
    "kurtosis": -1.3333706667252168
  },
  "family_income_usd": {
    "mean": 81415.87887887888,
    "median": 81944.0,
    "std": 37516.344216448895,
    "min": 20138.0,
    "max": 149951.0,
    "q1": 47981.0,
    "q3": 111877.0,
    "skewness": 0.07770055384384178,
    "kurtosis": -1.165355533535583
  },
  "work_hours_per_week": {
    "mean": 15.064064064064064,
    "median": 15.0,
    "std": 8.696617861234825,
    "min": 0.0,
    "max": 29.0,
    "q1": 8.0,
    "q3": 22.5,
    "skewness": -0.08582876137707411,
    "kurtosis": -1.1872827926496732
  },
  "study_hours_per_week": {
    "mean": 21.835835835835837,
    "median": 22.0,
    "std": 10.146377433701712,
    "min": 5.0,
    "max": 39.0,
    "q1": 13.0,
    "q3": 30.0,
    "skewness": -0.004090211063904601,
    "kurtosis": -1.2070479107637437
  },
  "attendance_percentage": {
    "mean": 71.62062062062063,
    "median": 70.0,
    "std": 11.028348205579212,
    "min": 60.0,
    "max": 100.0,
    "q1": 60.0,
    "q3": 79.0,
    "skewness": 0.6633625869543167,
    "kurtosis": -0.5416506027172376
  },
  "sleep_hours_per_day": {
    "mean": 6.491791791791792,
    "median": 6.5,
    "std": 1.417190725271756,
    "min": 4.0,
    "max": 9.0,
    "q1": 5.3,
    "q3": 7.7,
    "skewness": -0.03537896748403179,
    "kurtosis": -1.150841246368751
  },
  "screen_time_hours": {
    "mean": 6.1063063063063066,
    "median": 6.2,
    "std": 2.321138867356578,
    "min": 2.0,
    "max": 10.0,
    "q1": 4.2,
    "q3": 8.149999999999999,
    "skewness": -0.0775536272447787,
    "kurtosis": -1.2186864338020165
  },
  "campus_activity_participation": {
    "mean": 2.1271271271271273,
    "median": 2.0,
    "std": 1.4102597349051147,
    "min": 0.0,
    "max": 4.0,
    "q1": 1.0,
    "q3": 3.0,
    "skewness": -0.11026772576519032,
    "kurtosis": -1.285003641167376
  },
  "library_usage_hours": {
    "mean": 7.499099099099099,
    "median": 7.5,
    "std": 4.199235209162847,
    "min": 0.0,
    "max": 15.0,
    "q1": 4.0,
    "q3": 11.0,
    "skewness": -0.002001423916601232,
    "kurtosis": -1.127058509358948
  },
  "stress_level": {
    "mean": 5.543543543543543,
    "median": 6.0,
    "std": 2.831942027505181,
    "min": 1.0,
    "max": 10.0,
    "q1": 3.0,
    "q3": 8.0,
    "skewness": -0.03778583120261687,
    "kurtosis": -1.2178682731137211
  },
  "homesickness_level": {
    "mean": 5.418418418418418,
    "median": 5.0,
    "std": 2.876743368100972,
    "min": 1.0,
    "max": 10.0,
    "q1": 3.0,
    "q3": 8.0,
    "skewness": 0.06619246334241403,
    "kurtosis": -1.2218565918309567
  },
  "academic_pressure": {
    "mean": 5.44044044044044,
    "median": 5.0,
    "std": 2.8925663495206058,
    "min": 1.0,
    "max": 10.0,
    "q1": 3.0,
    "q3": 8.0,
    "skewness": 0.01499014017569144,
    "kurtosis": -1.2185664066247968
  },
  "social_support_score": {
    "mean": 5.426426426426427,
    "median": 5.0,
    "std": 2.847201336970893,
    "min": 1.0,
    "max": 10.0,
    "q1": 3.0,
    "q3": 8.0,
    "skewness": 0.03500539099659084,
    "kurtosis": -1.187526841792517
  },
  "work_restriction_impact": {
    "mean": 5.545545545545545,
    "median": 6.0,
    "std": 2.849195238078123,
    "min": 1.0,
    "max": 10.0,
    "q1": 3.0,
    "q3": 8.0,
    "skewness": -0.043265323869507794,
    "kurtosis": -1.22629243361343
  },
  "prev_sem_gpa": {
    "mean": 2.9881281281281287,
    "median": 2.99,
    "std": 0.576766780803538,
    "min": 2.0,
    "max": 4.0,
    "q1": 2.48,
    "q3": 3.49,
    "skewness": -0.029355192425954753,
    "kurtosis": -1.2124032951978516
  },
  "english_proficiency_score": {
    "mean": 100.26626626626627,
    "median": 100.7,
    "std": 11.526744764368601,
    "min": 80.0,
    "max": 120.0,
    "q1": 90.45,
    "q3": 110.0,
    "skewness": -0.04254750690949382,
    "kurtosis": -1.1489893486965257
  },
  "semester_gpa": {
    "mean": 2.404424424424424,
    "median": 2.4,
    "std": 0.30670569085958505,
    "min": 1.57,
    "max": 3.33,
    "q1": 2.2,
    "q3": 2.615,
    "skewness": 0.0414336368623041,
    "kurtosis": -0.14441181643516465
  }
}