{
  "name": "Linear Regression",
  "rmse_train": 0.1572444751049234,
  "rmse_test": 0.15142464691906157,
  "r2_train": 0.8672915563331713,
  "r2_test": 0.8816060937219757,
  "feature_importance": {
    "gender": 0.0011345779876969278,
    "parental level of education": 0.003560369466757668,
    "age": 0.002699590906197076,
    "country_region": 0.006867881268230618,
    "years_in_us": 0.009002613427944372,
    "family_income_usd": 0.00509990333414498,
    "financial_support": 0.00421729011098404,
    "work_hours_per_week": 0.22635526049166318,
    "scholarship_status": 0.0014552024742870231,
    "housing_type": 0.00016243217803934103,
    "study_hours_per_week": 0.2610246449914538,
    "attendance_percentage": 0.13943432100654551,
    "sleep_hours_per_day": 0.045222522898264575,
    "screen_time_hours": 0.009299764812447863,
    "campus_activity_participation": 0.007036496887155342,
    "library_usage_hours": 0.005993915907604544,
    "stress_level": 0.08808151076993076,
    "homesickness_level": 0.0669893999523895,
    "academic_pressure": 0.08803025899191969,
    "social_support_score": 0.05860156428492287,
    "visa_type": 0.0032849446763468172,
    "work_restriction_impact": 0.0024601683222858586,
    "prev_sem_gpa": 0.005694051944680262,
    "english_proficiency_score": 0.022031993619824268
  },
  "feature_count": 24,
  "training_samples": 750,
  "test_samples": 250
}