{
  "name": "ElasticNetCV",
  "rmse_train": 0.002907030416786712,
  "rmse_test": 0.002956223311740699,
  "r2_train": 0.9999094875724657,
  "r2_test": 0.9999078701903041,
  "feature_importance": {
    "gender": 0.0,
    "race/ethnicity": 0.0,
    "parental level of education": 5.381460517971815e-06,
    "lunch": 2.061673201704354e-06,
    "age": 8.028630038195012e-05,
    "country_region": 0.0,
    "years_in_us": 0.0,
    "family_income_usd": 0.0,
    "financial_support": 0.0,
    "work_hours_per_week": 3.322156165397221e-05,
    "scholarship_status": 0.0,
    "housing_type": 2.763110290405171e-05,
    "study_hours_per_week": 0.1520782390435172,
    "attendance_percentage": 0.06587026092280071,
    "sleep_hours_per_day": 0.06282982520648545,
    "screen_time_hours": 0.0,
    "campus_activity_participation": 0.0,
    "library_usage_hours": 0.0,
    "stress_level": 0.11309002207368984,
    "homesickness_level": 0.1148913782868369,
    "academic_pressure": 0.11548262548638664,
    "social_support_score": 0.11372699376906016,
    "visa_type": 0.0,
    "work_restriction_impact": 9.216001799399148e-05,
    "prev_sem_gpa": 0.115149366062043,
    "english_proficiency_score": 9.966811756386684e-06
  },
  "feature_count": 26,
  "training_samples": 749,
  "test_samples": 250
}