{
  "gender": {
    "unique_values": 2,
    "value_counts": {
      "female": 518,
      "male": 482
    },
    "avg_gpa_by_category": {
      "female": 2.658334555984556,
      "male": 2.5614871369294607
    }
  },
  "parental level of education": {
    "unique_values": 6,
    "value_counts": {
      "some college": 226,
      "associate's degree": 222,
      "high school": 196,
      "some high school": 179,
      "bachelor's degree": 118,
      "master's degree": 59
    },
    "avg_gpa_by_category": {
      "associate's degree": 2.6384274774774776,
      "bachelor's degree": 2.6466813559322033,
      "high school": 2.5072352040816326,
      "master's degree": 2.714050847457627,
      "some college": 2.6326278761061945,
      "some high school": 2.6094625698324023
    }
  },
  "country_region": {
    "unique_values": 8,
    "value_counts": {
      "South Korea": 136,
      "Brazil": 132,
      "India": 131,
      "Germany": 127,
      "China": 126,
      "UK": 125,
      "Other": 117,
      "Nigeria": 106
    },
    "avg_gpa_by_category": {
      "Brazil": 2.567987121212121,
      "China": 2.59395,
      "Germany": 2.640781102362205,
      "India": 2.588495419847328,
      "Nigeria": 2.640033962264151,
      "Other": 2.6190282051282052,
      "South Korea": 2.7018301470588235,
      "UK": 2.5412096
    }
  },
  "financial_support": {
    "unique_values": 4,
    "value_counts": {
      "Family": 265,
      "Loan": 250,
      "Self-funded": 250,
      "Scholarship": 235
    },
    "avg_gpa_by_category": {
      "Family": 2.576299245283019,
      "Loan": 2.6078744,
      "Scholarship": 2.6266744680851066,
      "Self-funded": 2.6387908
    }
  },
  "scholarship_status": {
    "unique_values": 2,
    "value_counts": {
      "No": 679,
      "Yes": 321
    },
    "avg_gpa_by_category": {
      "No": 2.6096537555228276,
      "Yes": 2.615885358255452
    }
  },
  "housing_type": {
    "unique_values": 3,
    "value_counts": {
      "Off-campus": 363,
      "On-campus": 328,
      "With relatives": 309
    },
    "avg_gpa_by_category": {
      "Off-campus": 2.613718732782369,
      "On-campus": 2.6232143292682926,
      "With relatives": 2.5969576051779932
    }
  },
  "visa_type": {
    "unique_values": 3,
    "value_counts": {
      "F1": 794,
      "J1": 147,
      "Other": 59
    },
    "avg_gpa_by_category": {
      "F1": 2.607321662468514,
      "J1": 2.6489707482993197,
      "Other": 2.5769830508474576
    }
  }
}