{
  "age": {
    "mean": 23.454,
    "median": 23.0,
    "std": 3.52566508822298,
    "min": 18.0,
    "max": 29.0,
    "q1": 20.0,
    "q3": 27.0,
    "skewness": 0.018704404223149902,
    "kurtosis": -1.2291352329437133
  },
  "years_in_us": {
    "mean": 2.049,
    "median": 2.0,
    "std": 1.4221890245750137,
    "min": 0.0,
    "max": 4.0,
    "q1": 1.0,
    "q3": 3.0,
    "skewness": -0.057234977690149236,
    "kurtosis": -1.3346504649433266
  },
  "family_income_usd": {
    "mean": 81463.17,
    "median": 81988.0,
    "std": 37527.37199079675,
    "min": 20138.0,
    "max": 149951.0,
    "q1": 48104.5,
    "q3": 112161.0,
    "skewness": 0.07577333661541687,
    "kurtosis": -1.1672205262172897
  },
  "work_hours_per_week": {
    "mean": 15.051,
    "median": 15.0,
    "std": 8.702075908949833,
    "min": 0.0,
    "max": 29.0,
    "q1": 8.0,
    "q3": 22.25,
    "skewness": -0.0844623104882635,
    "kurtosis": -1.1890774844738188
  },
  "study_hours_per_week": {
    "mean": 21.834,
    "median": 22.0,
    "std": 10.141464060641999,
    "min": 5.0,
    "max": 39.0,
    "q1": 13.0,
    "q3": 30.0,
    "skewness": -0.0035538436078827004,
    "kurtosis": -1.2053640097548057
  },
  "attendance_percentage": {
    "mean": 71.635,
    "median": 70.0,
    "std": 11.032202159337233,
    "min": 60.0,
    "max": 100.0,
    "q1": 60.0,
    "q3": 79.0,
    "skewness": 0.6603058646036618,
    "kurtosis": -0.5481289912109708
  },
  "sleep_hours_per_day": {
    "mean": 6.4933000000000005,
    "median": 6.5,
    "std": 1.4172839531314123,
    "min": 4.0,
    "max": 9.0,
    "q1": 5.3,
    "q3": 7.7,
    "skewness": -0.037326672116802954,
    "kurtosis": -1.151747702552702
  },
  "screen_time_hours": {
    "mean": 6.1045,
    "median": 6.2,
    "std": 2.3206799230624835,
    "min": 2.0,
    "max": 10.0,
    "q1": 4.2,
    "q3": 8.125,
    "skewness": -0.07565504739882961,
    "kurtosis": -1.2189355520349303
  },
  "campus_activity_participation": {
    "mean": 2.128,
    "median": 2.0,
    "std": 1.4098239619199304,
    "min": 0.0,
    "max": 4.0,
    "q1": 1.0,
    "q3": 3.0,
    "skewness": -0.11188239006913513,
    "kurtosis": -1.284176422936588
  },
  "library_usage_hours": {
    "mean": 7.494599999999999,
    "median": 7.5,
    "std": 4.199543666519859,
    "min": 0.0,
    "max": 15.0,
    "q1": 4.0,
    "q3": 11.0,
    "skewness": -1.1858362189181618e-05,
    "kurtosis": -1.1281773178126595
  },
  "stress_level": {
    "mean": 5.54,
    "median": 6.0,
    "std": 2.8327415032834162,
    "min": 1.0,
    "max": 10.0,
    "q1": 3.0,
    "q3": 8.0,
    "skewness": -0.03591903094152047,
    "kurtosis": -1.2194061580660553
  },
  "homesickness_level": {
    "mean": 5.42,
    "median": 5.0,
    "std": 2.875738143480703,
    "min": 1.0,
    "max": 10.0,
    "q1": 3.0,
    "q3": 8.0,
    "skewness": 0.0647090627644772,
    "kurtosis": -1.2212021991509558
  },
  "academic_pressure": {
    "mean": 5.443,
    "median": 5.0,
    "std": 2.89225104652347,
    "min": 1.0,
    "max": 10.0,
    "q1": 3.0,
    "q3": 8.0,
    "skewness": 0.013014938785105923,
    "kurtosis": -1.219013569990988
  },
  "social_support_score": {
    "mean": 5.426,
    "median": 5.0,
    "std": 2.845807903324233,
    "min": 1.0,
    "max": 10.0,
    "q1": 3.0,
    "q3": 8.0,
    "skewness": 0.03546873199884979,
    "kurtosis": -1.1857637440471411
  },
  "work_restriction_impact": {
    "mean": 5.545,
    "median": 6.0,
    "std": 2.8478211118476366,
    "min": 1.0,
    "max": 10.0,
    "q1": 3.0,
    "q3": 8.0,
    "skewness": -0.0427157264496605,
    "kurtosis": -1.2246704850718004
  },
  "prev_sem_gpa": {
    "mean": 2.98787,
    "median": 2.99,
    "std": 0.5765358242613001,
    "min": 2.0,
    "max": 4.0,
    "q1": 2.48,
    "q3": 3.49,
    "skewness": -0.02810516495444419,
    "kurtosis": -1.211337029132639
  },
  "english_proficiency_score": {
    "mean": 100.27579999999999,
    "median": 100.7,
    "std": 11.524918138455384,
    "min": 80.0,
    "max": 120.0,
    "q1": 90.475,
    "q3": 110.0,
    "skewness": -0.04444392334106131,
    "kurtosis": -1.1490599693947723
  },
  "semester_gpa": {
    "mean": 2.6116540999999995,
    "median": 2.5821,
    "std": 0.43604260029550157,
    "min": 1.5,
    "max": 4.0,
    "q1": 2.306725,
    "q3": 2.9088000000000003,
    "skewness": 0.17614316418031542,
    "kurtosis": -0.2386466313760196
  }
}