{
  "shap_summary": {
    "gender": 0.0007557643494411739,
    "parental level of education": 0.008846748279516505,
    "age": 0.06354143265096213,
    "country_region": 0.024955227779440137,
    "years_in_us": 0.019010016634097283,
    "family_income_usd": 415.4553728261475,
    "financial_support": 0.006236705505326927,
    "work_hours_per_week": 3.3947438188155576,
    "scholarship_status": 0.0005775925095479015,
    "housing_type": 0.00015485231010731873,
    "study_hours_per_week": 5.691332219897727,
    "attendance_percentage": 9.987682100860551,
    "sleep_hours_per_day": 0.2903009815195608,
    "screen_time_hours": 0.05803536424102903,
    "campus_activity_participation": 0.0164617414435593,
    "library_usage_hours": 0.04525843709628892,
    "stress_level": 0.4826829298930228,
    "homesickness_level": 0.36331561110325317,
    "academic_pressure": 0.4813716825251808,
    "social_support_score": 0.32530659403907514,
    "visa_type": 0.0012523010873729753,
    "work_restriction_impact": 0.013862032313317247,
    "prev_sem_gpa": 0.01753254488861136,
    "english_proficiency_score": 2.210931749418872
  }
}